movie_title,release_date,genre,mpaa_rating,total_gross,inflation_adjusted_gross,is_franchise,release_year,release_month
Snow White and the Seven Dwarfs,1937-12-21,Musical,G,184925485,5228953251,False,1937,December
Pinocchio,1940-02-09,Adventure,G,84300000,2188229052,False,1940,February
Fantasia,1940-11-13,Musical,G,83320000,2187090808,False,1940,November
Song of the South,1946-11-12,Adventure,G,65000000,1078510579,False,1946,November
Cinderella,1950-02-15,Drama,G,85000000,920608730,False,1950,February
"20,000 Leagues Under the Sea",1954-12-23,Adventure,Not Rated,28200000,528279994,True,1954,December
Lady and the Tramp,1955-06-22,Drama,G,93600000,1236035515,False,1955,June
Sleeping Beauty,1959-01-29,Drama,Not Rated,9464608,21505832,False,1959,January
101 Dalmatians,1961-01-25,Comedy,G,153000000,1362870985,False,1961,January
The Absent Minded Professor,1961-03-16,Comedy,Not Rated,25381407,310094574,False,1961,March
Babes in Toyland,1961-12-14,Musical,G,10218316,124841160,False,1961,December
Bon Voyage!,1962-05-17,Comedy,Not Rated,9230769,109581646,False,1962,May
The Sword in the Stone,1963-12-25,Adventure,Not Rated,22182353,153870834,False,1963,December
The Jungle Book,1967-10-18,Musical,Not Rated,141843000,789612346,False,1967,October
Blackbeard's Ghost,1968-02-08,Comedy,Not Rated,21540050,138612686,False,1968,February
The Aristocats,1970-04-24,Musical,G,55675257,255161499,False,1970,April
The Boatniks,1970-07-01,Comedy,Not Rated,18607492,101200742,False,1970,July
Bedknobs and Broomsticks,1971-10-07,Musical,Not Rated,17871174,91305448,False,1971,October
The Apple Dumpling Gang,1975-07-01,Comedy,Not Rated,31916500,131246872,False,1975,July
Freaky Friday,1977-01-21,Comedy,Not Rated,25942000,98067733,False,1977,January
The Many Adventures of Winnie the Pooh,1977-03-11,Other,Not Rated,0,0,False,1977,March
The Rescuers,1977-06-22,Adventure,Not Rated,48775599,159743914,False,1977,June
Herbie Goes to Monte Carlo,1977-06-24,Other,Not Rated,28000000,105847527,False,1977,June
The Black Hole,1979-12-21,Other,Not Rated,35841901,120377374,False,1979,December
Midnight Madness,1980-02-08,Other,Not Rated,2900000,9088096,False,1980,February
The Last Flight of Noah’s Ark,1980-06-25,Other,Not Rated,11000000,34472116,False,1980,June
The Devil and Max Devlin,1981-01-01,Other,Not Rated,16000000,48517980,False,1981,January
Amy,1981-03-20,Drama,Not Rated,0,0,False,1981,March
The Fox and the Hound,1981-07-10,Comedy,Not Rated,43899231,133118889,False,1981,July
Condorman,1981-08-07,Action,Not Rated,0,0,False,1981,August
Night Crossing,1982-02-05,Drama,Not Rated,4500000,12903059,False,1982,February
Tron,1982-07-09,Action,Not Rated,26918576,77184895,False,1982,July
Tex,1982-11-19,Drama,Not Rated,7199408,20643199,False,1982,November
Trenchcoat,1983-03-11,Comedy,Not Rated,4304286,11519089,False,1983,March
Something Wicked This Way Comes,1983-04-29,Horror,Not Rated,5656087,15136765,False,1983,April
Never Cry Wolf,1983-10-07,Drama,Not Rated,27668764,70669955,False,1983,October
Running Brave,1983-11-04,Drama,Not Rated,1204595,3223725,False,1983,November
Splash,1984-03-09,Comedy,PG,62599495,157057661,False,1984,March
Country,1984-09-29,Drama,Not Rated,8400000,21075000,False,1984,September
Baby: Secret of the Lost Legend,1985-03-22,Adventure,Not Rated,14276095,33900697,False,1985,March
Return to Oz,1985-06-21,Adventure,Not Rated,10618813,25215934,False,1985,June
The Black Cauldron,1985-07-24,Adventure,Not Rated,21288692,50553142,False,1985,July
My Science Project,1985-08-09,Comedy,Not Rated,4100000,9736051,False,1985,August
The Journey of Natty Gann,1985-09-27,Drama,Not Rated,9468512,22302956,False,1985,September
One Magic Christmas,1985-11-22,Drama,Not Rated,13229514,31415432,False,1985,November
Down and Out in Beverly Hills,1986-01-31,Comedy,R,62134225,141183693,False,1986,January
Off Beat,1986-04-11,Comedy,Not Rated,4842778,11003932,False,1986,April
Ruthless People,1986-06-27,Comedy,R,71624879,162748712,False,1986,June
The Great Mouse Detective,1986-07-02,Adventure,Not Rated,23605534,53637367,False,1986,July
Flight of the Navigator,1986-07-30,Adventure,Not Rated,18564613,42183197,False,1986,July
Tough Guys,1986-10-03,Comedy,Not Rated,21458229,48758184,False,1986,October
The Color of Money,1986-10-17,Drama,R,52293000,117957323,False,1986,October
Outrageous Fortune,1987-01-30,Comedy,R,52864741,113976921,False,1987,January
Tin Men,1987-03-06,Comedy,Not Rated,25411386,54787202,False,1987,March
Ernest Goes to Camp,1987-05-22,Comedy,Not Rated,23509382,50686462,False,1987,May
Benji the Hunted,1987-06-05,Adventure,Not Rated,15212539,32798382,False,1987,June
Adventures in Babysitting,1987-07-03,Comedy,Not Rated,33790923,72853569,False,1987,July
Stakeout,1987-08-05,Comedy,R,65673233,141592160,False,1987,August
Can't Buy Me Love,1987-08-14,Romantic Comedy,Not Rated,31623833,68181300,False,1987,August
Hello Again,1987-11-06,Comedy,Not Rated,20419446,44024529,False,1987,November
3 Men and a Baby,1987-11-25,Comedy,PG,167780960,353334607,True,1987,November
Good Morning Vietnam,1987-12-23,Comedy,R,123922370,254414837,False,1987,December
Shoot to Kill,1988-02-12,Action,Not Rated,29300000,60097074,False,1988,February
D.O.A.,1988-03-18,Thriller/Suspense,Not Rated,12706478,26062188,False,1988,March
Return to Snowy River,1988-04-15,Adventure,PG,13687027,28073384,False,1988,April
Big Business,1988-06-10,Comedy,PG,40150487,82352451,False,1988,June
Who Framed Roger Rabbit?,1988-06-22,Comedy,PG,154112492,316250084,False,1988,June
Cocktail,1988-07-29,Drama,R,78222753,160442289,False,1988,July
The Rescue,1988-08-05,Action,Not Rated,5855392,12009960,False,1988,August
Heartbreak Hotel,1988-09-30,Comedy,Not Rated,5509417,11300331,False,1988,September
The Good Mother,1988-11-04,Drama,Not Rated,4764606,9772655,False,1988,November
Ernest Saves Christmas,1988-11-11,Comedy,PG,28202109,57845202,False,1988,November
Oliver & Company,1988-11-18,Adventure,G,49576671,102254492,False,1988,November
Beaches,1988-12-21,Drama,PG-13,57041866,120381757,False,1988,December
Three Fugitives,1989-01-27,Comedy,PG-13,40590000,85757817,False,1989,January
New York Stories,1989-03-01,Drama,PG,10763469,22740861,False,1989,March
Disorganized Crime,1989-04-14,Comedy,Not Rated,7210149,15233465,False,1989,April
Dead Poets Society,1989-06-02,Drama,PG,95860116,202531517,False,1989,June
"Honey, I Shrunk the Kids",1989-06-23,Adventure,PG,130724172,276191669,False,1989,June
Turner & Hooch,1989-07-28,Comedy,PG,71079915,150176361,False,1989,July
Cheetah,1989-08-18,Adventure,Not Rated,7882250,16653473,False,1989,August
An Innocent Man,1989-10-06,Drama,R,19397847,40983414,False,1989,October
Gross Anatomy,1989-10-20,Drama,PG-13,11346186,23972012,False,1989,October
The Little Mermaid,1989-11-15,Adventure,G,111543479,223726012,False,1989,November
Blaze,1989-12-13,Drama,R,19049727,39884640,False,1989,December
Stella,1990-02-02,Drama,PG-13,20062347,40077147,False,1990,February
Where the Heart Is,1990-02-23,Comedy,Not Rated,1106475,2210321,False,1990,February
Pretty Woman,1990-03-23,Romantic Comedy,R,178406268,356389765,False,1990,March
Ernest Goes to Jail,1990-04-06,Comedy,PG,25029569,49999822,False,1990,April
Spaced Invaders,1990-04-27,Comedy,PG,15000000,29964452,False,1990,April
Fire Birds,1990-05-24,Action,PG-13,14760451,29485923,False,1990,May
Dick Tracy,1990-06-15,Action,PG,103738726,207231621,False,1990,June
Betsy's Wedding,1990-06-22,Comedy,R,19740070,39433357,False,1990,June
Arachnophobia,1990-07-18,Thriller/Suspense,PG-13,53208180,106290270,False,1990,July
DuckTales: The Movie - Treasure of th…,1990-08-03,Adventure,G,18075331,36107823,False,1990,August
Taking Care of Business,1990-08-17,Comedy,R,20005435,39963460,False,1990,August
Mr. Destiny,1990-10-12,Comedy,PG-13,15379253,30722056,False,1990,October
The Rescuers Down Under,1990-11-16,Adventure,G,27931461,55796728,False,1990,November
3 Men and a Little Lady,1990-11-21,Comedy,PG,71609321,143108869,True,1990,November
Green Card,1990-12-25,Romantic Comedy,PG-13,29804169,59679131,False,1990,December
White Fang,1991-01-18,Adventure,PG,34729091,69540672,False,1991,January
Scenes from a Mall,1991-02-22,Comedy,Not Rated,9563393,19149495,False,1991,February
Haakon Haakonsen,1991-03-01,Adventure,PG,15024232,30084149,False,1991,March
The Marrying Man,1991-04-05,Romantic Comedy,R,12454768,24939118,False,1991,April
Oscar,1991-04-26,Comedy,PG,23562716,47181395,False,1991,April
One Good Cop,1991-05-03,Action,R,11276846,22580472,False,1991,May
What About Bob?,1991-05-17,Comedy,PG,63710000,127571325,False,1991,May
Wild Hearts Can't Be Broken,1991-05-24,Drama,Not Rated,7300000,14617333,False,1991,May
The Rocketeer,1991-06-21,Action,PG,46573027,93256673,False,1991,June
The Doctor,1991-07-24,Drama,PG-13,37497480,75084021,False,1991,July
Paradise,1991-09-18,Drama,PG-13,18634643,37313540,False,1991,September
Deceived,1991-09-27,Thriller/Suspense,PG-13,28738096,57544453,False,1991,September
Ernest Scared Stupid,1991-10-11,Comedy,PG,14143280,28320147,False,1991,October
Billy Bathgate,1991-11-01,Drama,R,15565363,31167691,False,1991,November
Beauty and the Beast,1991-11-13,Musical,G,218951625,363017667,False,1991,November
Father of the Bride,1991-12-20,Comedy,PG,89325780,179821881,False,1991,December
The Hand That Rocks the Cradle,1992-01-10,Thriller/Suspense,R,88036683,178831137,False,1992,January
Medicine Man,1992-02-07,Drama,PG-13,44948240,91304495,False,1992,February
Blame it on the Bellboy,1992-03-06,Comedy,PG-13,2891055,5872667,False,1992,March
Noises Off...,1992-03-20,Comedy,PG-13,2280148,4631720,False,1992,March
Straight Talk,1992-04-03,Comedy,PG,21202099,43068356,False,1992,April
Newsies,1992-04-08,Other,PG,2706352,5497481,False,1992,April
Passed Away,1992-04-24,Other,PG-13,4030793,8187848,False,1992,April
Encino Man,1992-05-22,Comedy,PG,40057130,81369058,False,1992,May
Sister Act,1992-05-29,Comedy,PG,139605150,283583472,False,1992,May
Honey I Blew Up the Kid,1992-07-17,Comedy,PG,58662452,119162518,False,1992,July
A Stranger Among Us,1992-07-17,Drama,PG-13,12282994,24950752,False,1992,July
3 Ninjas,1992-08-07,Action,PG,29028000,58965304,True,1992,August
A Gun in Betty Lou's Handbag,1992-08-21,Other,PG-13,3591460,7295423,False,1992,August
Captain Ron,1992-09-18,Comedy,PG-13,22518097,45741576,False,1992,September
Sarafina!,1992-09-18,Drama,PG-13,7306242,14841352,False,1992,September
Innocent Blood,1992-09-25,Horror,R,4877567,9907922,False,1992,September
The Mighty Ducks,1992-10-02,Comedy,PG,50752337,103120810,False,1992,October
1492: Conquest of Paradise,1992-10-09,Adventure,PG-13,7099531,14421454,True,1992,October
Consenting Adults,1992-10-16,Drama,R,21591728,43859823,False,1992,October
Aladdin,1992-11-11,Comedy,G,217350219,441969178,False,1992,November
The Distinguished Gentleman,1992-12-04,Comedy,R,46434570,94349900,False,1992,December
The Muppet Christmas Carol,1992-12-11,Comedy,G,27281507,55417615,False,1992,December
Alive,1993-01-15,Adventure,R,36299670,73914543,False,1993,January
Aspen Extreme,1993-01-22,Romantic Comedy,PG-13,7843388,15970955,False,1993,January
Homeward Bound: The Incredible Journey,1993-02-03,Adventure,G,41833324,85182343,False,1993,February
The Cemetery Club,1993-02-03,Comedy,PG-13,5583621,11369541,False,1993,February
Swing Kids,1993-03-05,Musical,PG-13,5632086,11468231,False,1993,March
A Far Off Place,1993-03-12,Adventure,PG,12890752,26248558,False,1993,March
Born Yesterday,1993-03-26,Romantic Comedy,PG,17760754,36165012,False,1993,March
The Adventures of Huck Finn,1993-04-02,Adventure,PG,24103594,49080505,False,1993,April
Bound by Honor,1993-04-16,Other,R,4496583,9156084,False,1993,April
Indian Summer,1993-04-23,Comedy,R,14717851,29968953,False,1993,April
Super Mario Bros.,1993-05-28,Action,PG,20844907,42445058,False,1993,May
Guilty as Sin,1993-06-04,Thriller/Suspense,R,22622537,46064723,False,1993,June
Life With Mikey,1993-06-04,Comedy,PG,12349549,25146538,False,1993,June
What's Love Got to Do With It,1993-06-09,Drama,R,39100956,79618610,False,1993,June
Son in Law,1993-07-02,Comedy,PG-13,25989889,52921433,False,1993,July
Hocus Pocus,1993-07-16,Comedy,PG,39360491,80147079,False,1993,July
Another Stakeout,1993-07-23,Comedy,PG-13,20107504,40943541,False,1993,July
My Boyfriend's Back,1993-08-06,Other,PG-13,3218882,6554384,False,1993,August
Father Hood,1993-08-27,Other,PG-13,3268203,6654819,False,1993,August
The Joy Luck Club,1993-09-08,Drama,R,32790064,66768171,False,1993,September
Money for Nothing,1993-09-10,Comedy,R,1044824,2127496,False,1993,September
The Program,1993-09-24,Action,R,23042200,46919256,False,1993,September
Cool Runnings,1993-10-01,Comedy,PG,68856263,140392731,False,1993,October
The Nightmare Before Christmas,1993-10-13,Musical,PG,50408318,100026637,False,1993,October
The Three Musketeers,1993-11-12,Adventure,PG,53661805,109310377,False,1993,November
Sister Act 2 Back in the Habit,1993-12-10,Comedy,PG,57319029,116965668,True,1993,December
Tombstone,1993-12-25,Western,R,56505065,115781734,False,1993,December
The Air Up There,1994-01-07,Comedy,PG,20782439,42940186,False,1994,January
Cabin Boy,1994-01-07,Comedy,PG-13,3469493,7168577,False,1994,January
Iron Will,1994-01-14,Drama,PG,20623071,42610902,False,1994,January
Red Rock West,1994-01-28,Other,R,2502551,5170709,False,1994,January
Blank Check,1994-02-11,Comedy,PG,30573770,63170804,False,1994,February
Angie,1994-03-04,Comedy,R,9252349,19116981,False,1994,March
The Ref,1994-03-09,Comedy,R,11325885,23401275,False,1994,March
D2: The Mighty Ducks,1994-03-25,Comedy,PG,45604206,94226333,True,1994,March
Holy Matrimony,1994-04-08,Comedy,Not Rated,713234,1473665,False,1994,April
White Fang 2: Myth of the White Wolf,1994-04-15,Adventure,PG,8752399,18083994,True,1994,April
The Inkwell,1994-04-22,Comedy,R,8864699,18316030,False,1994,April
When a Man Loves a Woman,1994-04-29,Drama,R,50021959,103354194,False,1994,April
3 Ninjas Kick Back,1994-05-06,Action,PG,11744960,24267154,True,1994,May
Renaissance Man,1994-06-03,Comedy,PG-13,24172899,49945474,False,1994,June
The Lion King,1994-06-15,Adventure,G,422780140,761640898,False,1994,June
I Love Trouble,1994-06-29,Romantic Comedy,PG,30806194,63651027,False,1994,June
Angels in the Outfield,1994-07-15,Comedy,PG,50236831,103798152,False,1994,July
In the Army Now,1994-08-12,Comedy,PG,28881266,59673787,False,1994,August
Color of Night,1994-08-19,Thriller/Suspense,R,19750470,40804816,False,1994,August
Camp Nowhere,1994-08-26,Comedy,PG,10442641,21576332,False,1994,August
It's Pat,1994-08-26,Comedy,Not Rated,60822,125666,False,1994,August
A Simple Twist of Fate,1994-09-02,Drama,PG-13,3404935,7035189,False,1994,September
Quiz Show,1994-09-14,Drama,PG-13,24787282,50840394,False,1994,September
Terminal Velocity,1994-09-23,Action,PG-13,16478900,34048315,False,1994,September
Ed Wood,1994-09-30,Comedy,R,5828466,12042634,False,1994,September
The Puppet Masters,1994-10-21,Horror,R,8579626,17727017,False,1994,October
Squanto: A Warrior's Tale,1994-10-28,Drama,PG,3319344,6858345,False,1994,October
The Santa Clause,1994-11-11,Comedy,PG,144833357,298369717,False,1994,November
A Low Down Dirty Shame,1994-11-23,Action,R,29317886,60321919,False,1994,November
The Jungle Book,1994-12-25,Adventure,PG,44342956,88930321,False,1994,December
Houseguest,1995-01-06,Comedy,PG,26325256,51016522,False,1995,January
Bad Company,1995-01-20,Thriller/Suspense,R,3523909,6829092,False,1995,January
Miami Rhapsody,1995-01-27,Romantic Comedy,PG-13,5086578,9857435,False,1995,January
The Jerky Boys,1995-02-03,Comedy,R,7555256,14641561,False,1995,February
Heavy Weights,1995-02-17,Comedy,PG,17671310,34245779,False,1995,February
Man of the House,1995-03-03,Comedy,PG,40029009,77573459,False,1995,March
Roommates,1995-03-03,Comedy,PG,12076989,23404369,False,1995,March
Tall Tale,1995-03-24,Western,PG,8247627,15983331,False,1995,March
A Pyromaniac's Love Story,1995-03-28,Romantic Comedy,PG,468240,907414,False,1995,March
Jefferson in Paris,1995-03-31,Drama,PG-13,2461628,4770461,False,1995,March
Funny Bones,1995-03-31,Comedy,R,529135,1025425,False,1995,March
A Goofy Movie,1995-04-07,Comedy,G,35336439,68479579,False,1995,April
While You Were Sleeping,1995-04-21,Romantic Comedy,PG,81057016,157082900,False,1995,April
Crimson Tide,1995-05-12,Action,R,91387195,177102077,False,1995,May
Mad Love,1995-05-26,Drama,PG-13,15446532,29934306,False,1995,May
Pocahontas,1995-06-10,Adventure,G,141579773,274370957,False,1995,June
Judge Dredd,1995-06-30,Action,R,34687912,67222776,False,1995,June
Operation Dumbo Drop,1995-07-28,Adventure,PG,24670346,47809421,False,1995,July
Dangerous Minds,1995-08-11,Drama,R,84919401,164552293,False,1995,August
A Kid in King Arthur's Court,1995-08-11,Adventure,PG,13406717,25981285,False,1995,August
The Tie That Binds,1995-09-08,Thriller/Suspense,R,5762795,11167895,False,1995,September
Unstrung Heroes,1995-09-15,Drama,PG,7929000,15365850,False,1995,September
The Big Green,1995-09-29,Comedy,PG,17736619,34372339,False,1995,September
Dead Presidents,1995-10-04,Drama,R,24120194,46741467,False,1995,October
The Scarlet Letter,1995-10-13,Drama,R,10359006,20075033,False,1995,October
Feast of July,1995-10-13,Drama,R,293274,568342,False,1995,October
Powder,1995-10-27,Drama,PG-13,30833914,59727216,False,1995,October
Toy Story,1995-11-22,Adventure,G,191796233,370409631,False,1995,November
Father of the Bride Part II,1995-12-08,Comedy,PG,76578911,147658438,True,1995,December
Nixon,1995-12-20,Drama,R,13668249,26302005,False,1995,December
Tom and Huck,1995-12-22,Adventure,PG,23837227,45911517,False,1995,December
Mr. Holland's Opus,1995-12-29,Drama,PG,82582604,157508868,False,1995,December
White Squall,1996-02-02,Adventure,PG-13,10229300,19509726,False,1996,February
Muppet Treasure Island,1996-02-16,Adventure,G,34327391,65470567,False,1996,February
Mr. Wrong,1996-02-16,Romantic Comedy,PG-13,12805071,24422334,False,1996,February
Before and After,1996-02-23,Drama,PG-13,8642118,16482589,False,1996,February
Up Close & Personal,1996-03-01,Drama,PG-13,51045801,97356578,False,1996,March
Homeward Bound II: Lost in San Franc…,1996-03-08,Adventure,G,32709423,62384706,False,1996,March
Two Much,1996-03-15,Romantic Comedy,PG-13,1078555,2057055,False,1996,March
Un indien dans la ville,1996-03-22,Comedy,PG,1029731,1963937,False,1996,March
James and the Giant Peach,1996-04-12,Adventure,PG,28921264,55159783,False,1996,April
Celtic Pride,1996-04-19,Comedy,PG-13,9240378,17623615,False,1996,April
Last Dance,1996-05-03,Drama,R,5857534,11171714,False,1996,May
Boys,1996-05-10,Drama,PG-13,21930418,41826566,False,1996,May
Spy Hard,1996-05-24,Comedy,PG-13,26936265,51373912,False,1996,May
Eddie,1996-05-31,Comedy,PG-13,31369401,59828966,False,1996,May
The Rock,1996-06-07,Action,R,134069511,255702705,False,1996,June
The Hunchback of Notre Dame,1996-06-21,Adventure,G,100138851,190988799,False,1996,June
Phenomenon,1996-07-05,Drama,PG,104636382,199559799,False,1996,July
Kazaam,1996-07-17,Comedy,PG,18880508,36009655,False,1996,July
Jack,1996-08-09,Drama,PG-13,58617334,111792852,False,1996,August
First Kid,1996-08-30,Comedy,PG,26465920,50465108,False,1996,August
The Rich Man's Wife,1996-09-13,Thriller/Suspense,R,8538318,16284619,False,1996,September
D3: The Mighty Ducks,1996-10-04,Comedy,PG,22936273,43713554,True,1996,October
The Associate,1996-10-25,Comedy,PG-13,12772657,24333094,False,1996,October
Ransom,1996-11-08,Action,R,136492681,259807820,False,1996,November
The War at Home,1996-11-20,Other,R,34368,65543,False,1996,November
101 Dalmatians,1996-11-27,Comedy,G,136189294,258728898,False,1996,November
The Preacher's Wife,1996-12-13,Drama,PG,48102795,91076877,False,1996,December
Evita,1996-12-25,Musical,PG,50047179,92077628,False,1996,December
Metro,1997-01-17,Action,R,32017895,58804106,False,1997,January
Prefontaine,1997-01-24,Drama,PG-13,590817,1085093,False,1997,January
Shadow Conspiracy,1997-01-31,Thriller/Suspense,R,2154540,3957025,False,1997,January
That Darn Cat,1997-02-14,Comedy,PG,18301828,33613158,False,1997,February
Jungle 2 Jungle,1997-03-07,Comedy,PG,59925026,110058379,True,1997,March
The Sixth Man,1997-03-28,Comedy,PG-13,14765099,27117599,False,1997,March
Grosse Pointe Blank,1997-04-11,Black Comedy,R,28084357,51579764,False,1997,April
Romy and Michele's High School Reunion,1997-04-25,Comedy,R,29235353,53693680,False,1997,April
Gone Fishin',1997-05-30,Comedy,PG,19745922,36265379,False,1997,May
Con Air,1997-06-06,Action,R,101117573,185712664,False,1997,June
Hercules,1997-06-13,Adventure,G,99112101,182029412,False,1997,June
George Of The Jungle,1997-07-16,Comedy,PG,105263257,193326632,False,1997,July
Nothing To Lose,1997-07-18,Comedy,R,44480039,81692095,False,1997,July
Air Bud,1997-08-01,Comedy,PG,24646936,45266588,False,1997,August
G.I. Jane,1997-08-22,Drama,R,48169156,88467531,False,1997,August
A Thousand Acres,1997-09-19,Drama,R,7928412,14561324,False,1997,September
Washington Square,1997-10-05,Drama,PG,1775644,3257546,False,1997,October
Rocket Man,1997-10-10,Comedy,PG,15448043,28371890,False,1997,October
Playing God,1997-10-17,Thriller/Suspense,R,4166918,7652965,False,1997,October
Flubber,1997-11-26,Comedy,PG,92993801,170406423,False,1997,November
An American Werewolf in Paris,1997-12-25,Horror,R,26570463,48546161,False,1997,December
Mr. Magoo,1997-12-25,Comedy,PG,21437192,39145784,False,1997,December
Kundun,1997-12-25,Drama,PG-13,5686694,10236836,False,1997,December
Deep Rising,1998-01-30,Action,R,11203026,20136775,False,1998,January
Krippendorf's Tribe,1998-02-27,Comedy,PG-13,7571115,13608633,False,1998,February
An Alan Smithee Film: Burn Hollywood …,1998-02-27,Comedy,R,45779,82277,False,1998,February
Meet the Deedles,1998-03-27,Comedy,PG,4356126,7829877,False,1998,March
He Got Game,1998-05-01,Drama,R,21567853,38766948,False,1998,May
The Horse Whisperer,1998-05-15,Drama,PG-13,75383563,135497531,False,1998,May
"Six Days, Seven Nights",1998-06-12,Romantic Comedy,PG-13,74339294,133620516,False,1998,June
Mulan,1998-06-19,Adventure,G,120620254,216807832,False,1998,June
Armageddon,1998-07-01,Adventure,PG-13,201578182,362324957,False,1998,July
Jane Austen's Mafia,1998-07-24,Comedy,PG-13,19843795,35668055,False,1998,July
The Parent Trap,1998-07-29,Comedy,PG,66308518,119185667,False,1998,July
Firelight,1998-09-04,Drama,R,784419,1409943,False,1998,September
Simon Birch,1998-09-11,Drama,PG,18253415,32809442,False,1998,September
Holy Man,1998-10-09,Comedy,PG,12069719,21694605,False,1998,October
Beloved,1998-10-16,Drama,R,22852487,41062682,False,1998,October
The Waterboy,1998-11-06,Comedy,PG-13,161491646,288691833,False,1998,November
I'll Be Home For Christmas,1998-11-13,Comedy,PG,12214338,21941840,False,1998,November
A Bug's Life,1998-11-20,Adventure,G,162798565,288981698,False,1998,November
Enemy of the State,1998-11-20,Action,R,111549836,198472008,False,1998,November
Rushmore,1998-12-11,Black Comedy,R,17105219,28392518,False,1998,December
A Civil Action,1998-12-25,Drama,PG-13,56709981,94139530,False,1998,December
Mighty Joe Young,1998-12-25,Adventure,PG,50632037,87906042,False,1998,December
My Favorite Martian,1999-02-12,Comedy,PG,36850101,61150849,False,1999,February
The Other Sister,1999-02-26,Romantic Comedy,PG-13,27807627,46145331,False,1999,February
Doug's 1st Movie,1999-03-26,Adventure,G,19421271,32228598,False,1999,March
Ten Things I Hate About You,1999-03-31,Romantic Comedy,PG-13,38177966,63354375,False,1999,March
Endurance,1999-05-14,Other,PG,229128,380218,False,1999,May
Instinct,1999-06-04,Drama,R,34105207,56595842,False,1999,June
Tarzan,1999-06-16,Adventure,G,171091819,283900254,False,1999,June
Summer of Sam,1999-07-02,Drama,R,19288130,32007656,False,1999,July
Inspector Gadget,1999-07-23,Comedy,PG,97387965,161610341,False,1999,July
The Sixth Sense,1999-08-06,Thriller/Suspense,PG-13,293506292,485424724,False,1999,August
The 13th Warrior,1999-08-27,Action,R,32698899,54262148,True,1999,August
Breakfast of Champions,1999-09-17,Comedy,R,178287,295851,False,1999,September
Mumford,1999-09-24,Comedy,R,4559569,7566363,False,1999,September
"Mystery, Alaska",1999-10-01,Comedy,R,8891623,14755189,False,1999,October
The Straight Story,1999-10-15,Drama,G,6197866,10111144,False,1999,October
The Insider,1999-11-05,Drama,R,28965197,47794214,False,1999,November
Toy Story 2,1999-11-19,Adventure,G,245852179,404450426,True,1999,November
Cradle Will Rock,1999-12-08,Drama,R,2899970,4609153,False,1999,December
Deuce Bigalow: Male Gigolo,1999-12-10,Comedy,R,65535067,106921374,False,1999,December
Bicentennial Man,1999-12-17,Drama,PG,58220776,94838225,False,1999,December
Play it to the Bone,1999-12-24,Comedy,R,8427204,13180524,False,1999,December
Fantasia 2000 (IMAX),2000-01-01,Musical,G,60507228,94852354,True,2000,January
Gun Shy,2000-02-04,Comedy,R,1638202,2562155,False,2000,February
The Tigger Movie,2000-02-11,Adventure,G,45542421,71228678,False,2000,February
Mission to Mars,2000-03-10,Adventure,PG,60874615,95208344,False,2000,March
High Fidelity,2000-03-31,Comedy,R,27277055,42661516,False,2000,March
Keeping the Faith,2000-04-14,Romantic Comedy,PG-13,37036404,57925202,False,2000,April
Dinosaur,2000-05-19,Adventure,PG,137748063,215438985,False,2000,May
Shanghai Noon,2000-05-26,Western,PG-13,56932305,89042541,False,2000,May
Gone in 60 Seconds,2000-06-09,Action,PG-13,101643008,158970411,False,2000,June
Fantasia 2000 (Theatrical Release),2000-06-16,Musical,G,9103630,14238144,True,2000,June
The Kid,2000-07-07,Comedy,PG,69688384,108993148,False,2000,July
Coyote Ugly,2000-08-04,Drama,PG-13,60786269,95070168,False,2000,August
The Crew,2000-08-25,Comedy,PG-13,13019253,20362201,False,2000,August
Duets,2000-09-15,Drama,R,4734235,7404372,False,2000,September
Remember the Titans,2000-09-29,Drama,PG,115654751,180742479,False,2000,September
Unbreakable,2000-11-22,Thriller/Suspense,PG-13,94999143,148208901,False,2000,November
102 Dalmatians,2000-11-22,Comedy,G,66941559,104055039,True,2000,November
The Emperor's New Groove,2000-12-15,Adventure,G,89296573,136789252,False,2000,December
"O Brother, Where Art Thou?",2000-12-22,Comedy,PG-13,45506619,67922002,False,2000,December
Double Take,2001-01-12,Action,PG-13,29823162,44418589,False,2001,January
Recess: School's Out,2001-02-16,Comedy,G,36696761,54656124,False,2001,February
Just Visiting,2001-04-06,Comedy,PG-13,4777007,7114869,False,2001,April
Pearl Harbor,2001-05-25,Action,PG-13,198539855,295705112,False,2001,May
Atlantis: The Lost Empire,2001-06-08,Adventure,PG,84052762,125188122,False,2001,June
crazy/beautiful,2001-06-29,Drama,PG-13,16929123,25214223,False,2001,June
The Princess Diaries,2001-08-03,Comedy,G,108244774,161218928,False,2001,August
Bubble Boy,2001-08-24,Comedy,PG-13,5002310,7450434,False,2001,August
Max Keeble's Big Move,2001-10-05,Comedy,PG,17292381,25749730,False,2001,October
Corky Romano,2001-10-12,Comedy,PG-13,23978402,35705805,False,2001,October
High Heels and Low Lifes,2001-10-26,Other,R,226792,337782,False,2001,October
"Monsters, Inc.",2001-11-02,Adventure,G,289423425,416073179,False,2001,November
Out Cold,2001-11-21,Comedy,PG-13,13906394,20700691,False,2001,November
The Royal Tenenbaums,2001-12-14,Black Comedy,R,52353636,76758193,False,2001,December
Beauty and the Beast (IMAX),2002-01-01,Musical,G,25487028,36980311,False,2002,January
Frank McKlusky C.I.,2002-01-01,Other,Not Rated,0,0,False,2002,January
Snow Dogs,2002-01-18,Comedy,PG,81150692,117745317,False,2002,January
The Count of Monte Cristo,2002-01-25,Drama,PG-13,54228104,78682079,False,2002,January
Peter Pan: Return to Neverland,2002-02-15,Adventure,G,48430258,70269715,False,2002,February
Reign of Fire,2002-02-19,Action,PG-13,43061982,62480631,False,2002,February
Sorority Boys,2002-03-22,Comedy,R,10198766,14797862,False,2002,March
The Rookie,2002-03-29,Drama,G,75600072,109691666,False,2002,March
Big Trouble,2002-04-05,Comedy,PG-13,7262288,10537188,False,2002,April
ESPN's Ultimate X - The Movie,2002-05-10,Documentary,PG,4197175,6089874,False,2002,May
Bad Company,2002-06-07,Action,PG-13,30157016,43756218,False,2002,June
Lilo & Stitch,2002-06-21,Adventure,PG,145771527,211506702,False,2002,June
The Country Bears,2002-07-26,Adventure,G,16988996,24650121,False,2002,July
Signs,2002-08-02,Thriller/Suspense,PG-13,227965690,330754439,False,2002,August
Sen to Chihiro no Kamikakushi,2002-09-20,Adventure,PG,10049886,14338992,False,2002,September
Sweet Home Alabama,2002-09-27,Comedy,PG-13,127214072,184521151,False,2002,September
Moonlight Mile,2002-09-27,Drama,PG-13,6830957,9909094,False,2002,September
Tuck Everlasting,2002-10-11,Drama,PG,19161999,27789959,False,2002,October
The Santa Clause 2,2002-11-01,Comedy,G,139225854,201959095,True,2002,November
Treasure Planet,2002-11-27,Adventure,PG,38120554,55189145,False,2002,November
The Hot Chick,2002-12-13,Comedy,PG-13,35081550,50624654,False,2002,December
25th Hour,2002-12-19,Drama,R,13084595,18325463,True,2002,December
The Recruit,2003-01-31,Thriller/Suspense,PG-13,52784696,73793522,False,2003,January
Shanghai Knights,2003-02-07,Adventure,PG-13,60470220,84537962,False,2003,February
The Jungle Book 2,2003-02-14,Adventure,G,47901582,66966883,True,2003,February
Bringing Down the House,2003-03-07,Comedy,PG-13,132675402,185481530,False,2003,March
Piglet's Big Movie,2003-03-21,Comedy,G,23103423,32298812,False,2003,March
Ghosts of the Abyss,2003-04-11,Documentary,G,17093668,23803108,False,2003,April
Holes,2003-04-18,Drama,PG,67383924,94203395,False,2003,April
The Lizzie McGuire Movie,2003-05-02,Comedy,PG,42734455,59743191,False,2003,May
Finding Nemo,2003-05-30,Adventure,G,380529370,518148559,False,2003,May
Pirates of the Caribbean: The Curse o…,2003-07-09,Adventure,PG-13,305411224,426967926,False,2003,July
Freaky Friday,2003-08-06,Comedy,PG,110222438,154090360,False,2003,August
Open Range,2003-08-15,Western,R,58331254,81547672,False,2003,August
Cold Creek Manor,2003-09-19,Thriller/Suspense,R,21384035,29895090,False,2003,September
Under the Tuscan Sun,2003-09-26,Comedy,PG-13,43601508,60944053,False,2003,September
Veronica Guerin,2003-10-17,Drama,R,1569918,2194759,False,2003,October
Brother Bear,2003-10-24,Adventure,G,85336277,119218333,False,2003,October
The Haunted Mansion,2003-11-26,Comedy,PG,75817994,105775678,False,2003,November
Calendar Girls,2003-12-19,Comedy,PG-13,31011616,42379650,False,2003,December
Young Black Stallion,2003-12-25,Adventure,G,6751389,9254344,False,2003,December
Teacher's Pet: The Movie,2004-01-16,Comedy,PG,6491969,8812764,False,2004,January
Miracle,2004-02-06,Drama,PG,64378093,87392478,False,2004,February
Confessions of a Teenage Drama Queen,2004-02-20,Comedy,PG,29331068,39816568,False,2004,February
Hidalgo,2004-03-05,Western,PG-13,67286731,91340921,False,2004,March
The Ladykillers,2004-03-26,Comedy,R,39692139,53881593,False,2004,March
Home on the Range,2004-04-02,Comedy,PG,50026353,67910166,False,2004,April
The Alamo,2004-04-09,Western,PG-13,22406362,30416359,False,2004,April
Raising Helen,2004-05-28,Comedy,PG-13,37485528,50886144,False,2004,May
Around the World in 80 Days,2004-06-16,Adventure,PG,24004159,32585356,False,2004,June
America's Heart and Soul,2004-07-02,Documentary,Not Rated,314000,426246,False,2004,July
King Arthur,2004-07-07,Adventure,PG-13,51877963,70423706,False,2004,July
The Village,2004-07-30,Thriller/Suspense,PG-13,114197520,155021748,False,2004,July
The Princess Diaries 2: Royal Engagement,2004-08-11,Romantic Comedy,G,95149435,129164207,True,2004,August
Mr. 3000,2004-09-17,Comedy,PG-13,21800302,29593641,True,2004,September
The Last Shot,2004-09-24,Comedy,R,463730,629502,False,2004,September
Ladder 49,2004-10-01,Action,PG-13,74541707,101161045,False,2004,October
The Incredibles,2004-11-05,Adventure,PG,261441092,354488708,False,2004,November
National Treasure,2004-11-19,Adventure,PG,173005002,234069353,False,2004,November
The Life Aquatic with Steve Zissou,2004-12-10,Comedy,R,24006726,32198655,False,2004,December
Aliens of the Deep,2005-01-28,Documentary,G,8968684,11740942,False,2005,January
Pooh's Heffalump Movie,2005-02-11,Adventure,G,18098433,23801835,False,2005,February
The Pacifier,2005-03-04,Comedy,PG,113006880,148619029,False,2005,March
Ice Princess,2005-03-18,Comedy,G,24381334,32064685,False,2005,March
A Lot Like Love,2005-04-22,Comedy,PG-13,21835784,28716947,False,2005,April
The Hitchhiker's Guide to the Galaxy,2005-04-29,Comedy,PG,51019112,67096891,False,2005,April
Hauru no ugoku shiro,2005-06-10,Adventure,PG,4710455,6194870,False,2005,June
Herbie: Fully Loaded,2005-06-22,Comedy,G,66010682,86812798,False,2005,June
Dark Water,2005-07-08,Thriller/Suspense,PG-13,25473093,33500491,False,2005,July
Sky High,2005-07-29,Adventure,PG,63939454,84088854,False,2005,July
Valiant,2005-08-19,Adventure,G,19478106,25616292,False,2005,August
Flightplan,2005-09-23,Thriller/Suspense,PG-13,89706988,117960425,False,2005,September
The Greatest Game Ever Played,2005-09-30,Drama,PG,15331289,20162672,False,2005,September
Shopgirl,2005-10-21,Drama,R,10284523,13519621,False,2005,October
Chicken Little,2005-11-04,Adventure,G,135386665,177954661,False,2005,November
"The Chronicles of Narnia: The Lion, t…",2005-12-09,Adventure,PG,291710957,381557539,False,2005,December
Casanova,2005-12-25,Drama,R,11304403,14574087,False,2005,December
Glory Road,2006-01-13,Drama,PG,42647449,54888236,False,2006,January
Annapolis,2006-01-27,Drama,PG-13,17127992,22044113,False,2006,January
Roving Mars,2006-01-27,Documentary,G,10407978,12948025,False,2006,January
Eight Below,2006-02-17,Adventure,PG,81612565,105037235,False,2006,February
The Shaggy Dog,2006-03-10,Comedy,PG,61123569,78667428,False,2006,March
Stay Alive,2006-03-24,Horror,PG-13,23086480,29712825,False,2006,March
The Wild,2006-04-14,Adventure,G,37384046,48114115,False,2006,April
Stick It,2006-04-28,Comedy,PG-13,26910736,34634731,False,2006,April
Goal! The Dream Begins,2006-05-12,Drama,PG,4283255,5512647,False,2006,May
Cars,2006-06-09,Comedy,G,244082982,314140384,False,2006,June
Pirates of the Caribbean: Dead Man’…,2006-07-07,Adventure,PG-13,423315812,544817142,False,2006,July
Step Up,2006-08-11,Drama,PG-13,65328121,84078780,False,2006,August
Invincible,2006-08-25,Drama,PG,57806952,74398864,False,2006,August
The Guardian,2006-09-29,Action,PG-13,55011732,70801353,False,2006,September
The Prestige,2006-10-20,Thriller/Suspense,PG-13,53089891,68289913,False,2006,October
Tim Burton's The Nightmare Before Chr…,2006-10-20,Musical,PG,24732041,30737517,False,2006,October
The Santa Clause 3: The Escape Clause,2006-11-03,Comedy,G,84500122,108694869,True,2006,November
Déjà Vu,2006-11-22,Thriller/Suspense,PG-13,64038616,82267038,False,2006,November
Apocalypto,2006-12-08,Adventure,R,50866635,64959548,False,2006,December
Primeval,2007-01-12,Adventure,R,10597734,12985302,False,2007,January
Bridge to Terabithia,2007-02-16,Drama,PG,82234139,100760721,False,2007,February
Wild Hogs,2007-03-02,Comedy,PG-13,168213584,206110533,False,2007,March
Meet the Robinsons,2007-03-30,Adventure,G,97822171,119860589,False,2007,March
The Lookout,2007-03-30,Drama,R,4600585,5637048,False,2007,March
The Hoax,2007-04-06,Drama,R,7164995,8779196,False,2007,April
The Invisible,2007-04-27,Thriller/Suspense,PG-13,20568319,25202168,False,2007,April
Pirates of the Caribbean: At World’…,2007-05-24,Adventure,PG-13,309420425,379129960,False,2007,May
Ratatouille,2007-06-29,Comedy,G,206445654,252955933,False,2007,June
Underdog,2007-08-03,Adventure,PG,43760605,53619462,False,2007,August
The Game Plan,2007-09-22,Comedy,PG,90648202,111010758,False,2007,September
Dan in Real Life,2007-10-20,Romantic Comedy,PG-13,47642963,58350234,False,2007,October
Enchanted,2007-11-21,Romantic Comedy,PG,127706877,156074310,False,2007,November
National Treasure 2: Book of Secrets,2007-12-21,Adventure,PG,219961501,267003525,True,2007,December
Hannah Montana/Miley Cyrus: Best of B…,2008-02-01,Concert/Performance,G,65281781,76646993,False,2008,February
Step Up 2 the Streets,2008-02-14,Drama,PG-13,58017783,68118371,True,2008,February
College Road Trip,2008-03-07,Comedy,G,45610425,53550960,False,2008,March
The Chronicles of Narnia: Prince Caspian,2008-05-16,Adventure,PG,141621490,166277038,False,2008,May
WALL-E,2008-06-27,Adventure,G,223808164,262771918,False,2008,June
Swing Vote,2008-08-01,Comedy,PG-13,16289867,19125841,False,2008,August
Goal! 2: Living the Dream...,2008-08-29,Drama,PG-13,225067,264247,True,2008,August
Miracle at St. Anna,2008-09-26,Drama,R,7916887,9295171,False,2008,September
Beverly Hills Chihuahua,2008-10-03,Comedy,PG,94514402,110932022,False,2008,October
Morning Light,2008-10-17,Documentary,PG,275093,322979,False,2008,October
High School Musical 3: Senior Year,2008-10-24,Musical,G,90559416,106308538,True,2008,October
Bolt,2008-11-21,Comedy,PG,114053759,133702498,False,2008,November
Bedtime Stories,2008-12-25,Comedy,PG,110101975,128039679,False,2008,December
Confessions of a Shopaholic,2009-02-13,Romantic Comedy,PG,44277350,49767744,False,2009,February
Jonas Brothers: The 3D Concert Experi…,2009-02-27,Concert/Performance,G,38174685,38174685,True,2009,February
Race to Witch Mountain,2009-03-13,Adventure,PG,67172594,75501997,False,2009,March
Hannah Montana the Movie,2009-04-10,Drama,G,79576189,89443640,False,2009,April
Earth,2009-04-22,Documentary,G,32011576,35981010,False,2009,April
Up,2009-05-29,Adventure,PG,293004164,329336681,False,2009,May
The Proposal,2009-06-19,Romantic Comedy,PG-13,163958031,184288829,False,2009,June
G-Force,2009-07-24,Adventure,PG,119436770,134246932,False,2009,July
Gake no ue no Ponyo,2009-08-14,Adventure,G,15090399,16961607,False,2009,August
X Games 3D: The Movie,2009-08-21,Documentary,PG,1391434,1563976,True,2009,August
Walt and El Grupo,2009-09-10,Documentary,PG,20521,23064,False,2009,September
Surrogates,2009-09-25,Action,PG-13,38577772,43361416,False,2009,September
Toy Story 3D Double Feature,2009-10-02,Adventure,G,30702446,34509545,True,2009,October
Disney's A Christmas Carol,2009-11-06,Drama,PG,137855863,154927105,False,2009,November
The Princess and the Frog,2009-11-25,Adventure,G,104400899,116316457,False,2009,November
Old Dogs,2009-11-25,Comedy,PG,49492060,55503929,False,2009,November
When in Rome,2010-01-29,Romantic Comedy,PG-13,32680633,34917330,False,2010,January
Alice in Wonderland,2010-03-05,Adventure,PG,334191110,357063499,False,2010,March
Waking Sleeping Beauty,2010-03-26,Documentary,PG,80741,86264,False,2010,March
The Last Song,2010-03-31,Drama,PG,62950384,67258772,False,2010,March
Oceans,2010-04-22,Documentary,G,19422319,20751600,False,2010,April
Prince of Persia: Sands of Time,2010-05-28,Action,PG-13,90759676,96971361,False,2010,May
Toy Story 3,2010-06-18,Adventure,G,415004880,443408255,True,2010,June
The Sorcerer's Apprentice,2010-07-14,Adventure,PG,63150991,67473105,False,2010,July
Step Up 3D,2010-08-06,Drama,PG-13,42400223,45302137,True,2010,August
Gedo Senki (Tales from Earthsea),2010-08-13,Adventure,PG-13,48658,51988,False,2010,August
You Again,2010-09-24,Comedy,PG,25702053,27461121,False,2010,September
Secretariat,2010-10-08,Drama,PG,59699513,63781920,False,2010,October
Tangled,2010-11-24,Adventure,PG,200821936,214388548,False,2010,November
Tron: Legacy,2010-12-17,Adventure,PG,172062763,183619259,False,2010,December
Gnomeo and Juliet,2011-02-11,Comedy,G,99967670,106270797,False,2011,February
I am Number Four,2011-02-18,Adventure,PG-13,55100437,58574607,False,2011,February
Mars Needs Moms,2011-03-11,Adventure,PG,21392758,22741603,False,2011,March
African Cats,2011-04-22,Documentary,G,15428747,16401551,False,2011,April
Zokkomon,2011-04-22,Adventure,PG,2815,2984,False,2011,April
Prom,2011-04-29,Comedy,PG,10130219,10768946,False,2011,April
Pirates of the Caribbean: On Stranger…,2011-05-20,Adventure,PG-13,241063875,256263359,False,2011,May
Cars 2,2011-06-24,Adventure,G,191450875,203522177,True,2011,June
Winnie the Pooh,2011-07-15,Adventure,G,26692846,28375869,False,2011,July
The Help,2011-08-10,Drama,PG-13,169705587,180404976,False,2011,August
Fright Night,2011-08-19,Horror,R,18298649,19452402,False,2011,August
Real Steel,2011-10-07,Action,PG-13,85463309,90848019,False,2011,October
The Muppets,2011-11-23,Comedy,PG,88625922,94189503,False,2011,November
War Horse,2011-12-25,Drama,PG-13,79883359,84762149,False,2011,December
The Secret World of Arietty,2012-02-17,Adventure,G,19192510,20325733,False,2012,February
John Carter,2012-03-09,Adventure,PG-13,73058679,77372445,False,2012,March
Chimpanzee,2012-04-20,Documentary,G,28965459,30675725,False,2012,April
The Avengers,2012-05-04,Action,PG-13,623279547,660081224,False,2012,May
Brave,2012-06-22,Adventure,PG,237282182,251292441,False,2012,June
People Like Us,2012-06-29,Drama,PG-13,12431792,13165822,False,2012,June
The Odd Life of Timothy Green,2012-08-15,Drama,PG,51853450,54914942,False,2012,August
Frankenweenie,2012-10-05,Comedy,PG,35287788,37363513,False,2012,October
Wreck-It Ralph,2012-11-02,Adventure,PG,189412677,200354959,False,2012,November
Lincoln,2012-11-09,Drama,PG-13,182207973,192122330,False,2012,November
Oz the Great and Powerful,2013-03-08,Adventure,PG,234770996,243434130,False,2013,March
Iron Man 3,2013-05-03,Action,PG-13,408992272,424084233,True,2013,May
Monsters University,2013-06-21,Adventure,G,268488329,278395641,False,2013,June
The Lone Ranger,2013-07-02,Western,PG-13,89302115,92597388,False,2013,July
Disney Planes,2013-08-09,Comedy,PG,90282580,93614037,False,2013,August
The Fifth Estate,2013-10-18,Drama,R,3254172,3374251,False,2013,October
Thor: The Dark World,2013-11-08,Adventure,PG-13,206362140,213962184,False,2013,November
Kaze Tachinu,2013-11-08,Drama,PG-13,5201879,5367415,False,2013,November
Frozen,2013-11-22,Adventure,PG,400738009,414997174,False,2013,November
Delivery Man,2013-11-22,Comedy,PG-13,30659817,31787136,False,2013,November
Saving Mr. Banks,2013-12-13,Drama,PG-13,83299761,86249969,False,2013,December
Need for Speed,2014-03-14,Action,PG-13,43568507,44955015,False,2014,March
Muppets Most Wanted,2014-03-21,Comedy,PG,51178893,52807594,False,2014,March
Captain America: The Winter Soldier,2014-04-04,Action,PG-13,259746958,268013076,False,2014,April
Bears,2014-04-18,Documentary,G,17780194,18346024,False,2014,April
Million Dollar Arm,2014-05-10,Drama,PG,36447959,37607865,False,2014,May
Maleficent,2014-05-30,Adventure,PG,241407328,249089809,False,2014,May
Planes: Fire and Rescue,2014-07-18,Adventure,PG,59157732,61040349,False,2014,July
Guardians of the Galaxy,2014-08-01,Adventure,PG-13,333172112,343771168,False,2014,August
The Hundred-Foot Journey,2014-08-08,Romantic Comedy,PG,54235441,55961409,False,2014,August
"Alexander and the Terrible, Horrible,…",2014-10-10,Comedy,PG,66954149,69055550,False,2014,October
Big Hero 6,2014-11-07,Adventure,PG,222527828,229249222,False,2014,November
Into the Woods,2014-12-25,Musical,PG,128002372,130894237,False,2014,December
Strange Magic,2015-01-23,Adventure,PG,12429583,12429583,False,2015,January
"McFarland, USA",2015-02-20,Drama,PG,44480275,44480275,False,2015,February
Cinderella,2015-03-13,Drama,PG,201151353,201151353,False,2015,March
Monkey Kingdom,2015-04-17,Documentary,G,16432322,16432322,False,2015,April
Avengers: Age of Ultron,2015-05-01,Action,PG-13,459005868,459005868,False,2015,May
Tomorrowland,2015-05-22,Adventure,PG,93436322,93436322,False,2015,May
Inside Out,2015-06-19,Adventure,PG,356461711,356461711,False,2015,June
Ant-Man,2015-07-17,Action,PG-13,180202163,180202163,False,2015,July
Bridge of Spies,2015-10-16,Thriller/Suspense,PG-13,72313754,72313754,False,2015,October
The Good Dinosaur,2015-11-25,Adventure,PG,123087120,123087120,False,2015,November
Star Wars Ep. VII: The Force Awakens,2015-12-18,Adventure,PG-13,936662225,936662225,False,2015,December
The Finest Hours,2016-01-29,Thriller/Suspense,PG,27569558,27569558,False,2016,January
Zootopia,2016-03-04,Adventure,PG,341268248,341268248,False,2016,March
The Jungle Book,2016-04-15,Adventure,PG,364001123,364001123,False,2016,April
A Beautiful Planet,2016-04-29,Documentary,G,7895708,7895708,False,2016,April
Captain America: Civil War,2016-05-06,Action,PG-13,408084349,408084349,False,2016,May
Alice Through the Looking Glass,2016-05-27,Adventure,PG,77042381,77042381,False,2016,May
Finding Dory,2016-06-17,Adventure,PG,486295561,486295561,False,2016,June
The BFG,2016-07-01,Adventure,PG,55483770,55483770,False,2016,July
Pete’s Dragon,2016-08-12,Adventure,PG,76233151,76233151,False,2016,August
The Light Between Oceans,2016-09-02,Drama,PG-13,12545979,12545979,False,2016,September
Queen of Katwe,2016-09-23,Drama,PG,8874389,8874389,False,2016,September
Doctor Strange,2016-11-04,Adventure,PG-13,232532923,232532923,False,2016,November
Moana,2016-11-23,Adventure,PG,246082029,246082029,False,2016,November
Rogue One: A Star Wars Story,2016-12-16,Adventure,PG-13,529483936,529483936,False,2016,December
